,Unnamed: 0,loan_id,loan_status,Principal,terms,effective_date,due_date,paid_off_time,past_due_days,age,education,Gender
0,0,xqd20166231,PAIDOFF,1000,30,9/8/2016,10/7/2016,9/14/2016 19:31,,45,school,male
1,1,xqd20168902,PAIDOFF,1000,30,9/8/2016,10/7/2016,10/7/2016 9:00,,50,bachelor,female
2,2,xqd20160003,PAIDOFF,1000,30,9/8/2016,10/7/2016,9/25/2016 16:58,,33,bachelor,female
3,3,xqd20160004,PAIDOFF,1000,15,9/8/2016,9/22/2016,9/22/2016 20:00,,27,college,male
4,4,xqd20160005,PAIDOFF,1000,30,9/9/2016,10/8/2016,9/23/2016 21:36,,28,college,female
5,5,xqd20160706,PAIDOFF,300,7,9/9/2016,9/15/2016,9/9/2016 13:45,,35,master,male
6,6,xqd20160007,PAIDOFF,1000,30,9/9/2016,10/8/2016,10/7/2016 23:07,,29,college,male
7,7,xqd20160008,PAIDOFF,1000,30,9/9/2016,10/8/2016,10/5/2016 20:33,,36,college,male
8,8,xqd20160909,PAIDOFF,1000,30,9/9/2016,10/8/2016,10/8/2016 16:00,,28,college,male
9,9,xqd20160010,PAIDOFF,800,15,9/10/2016,9/24/2016,9/24/2016 13:00,,26,college,male
10,10,xqd20160011,PAIDOFF,300,7,9/10/2016,9/16/2016,9/11/2016 19:11,,29,college,male
11,11,xqd20160012,PAIDOFF,1000,15,9/10/2016,10/9/2016,10/9/2016 16:00,,39,school,male
12,12,xqd20160013,PAIDOFF,1000,30,9/10/2016,10/9/2016,10/7/2016 23:32,,26,college,male
13,13,xqd20160014,PAIDOFF,900,7,9/10/2016,9/16/2016,9/13/2016 21:57,,26,college,female
14,14,xqd20160015,PAIDOFF,1000,7,9/10/2016,9/16/2016,9/15/2016 14:27,,27,school,male
15,15,xqd20160016,PAIDOFF,800,15,9/10/2016,9/24/2016,9/24/2016 16:00,,26,college,male
16,16,xqd20160017,PAIDOFF,1000,30,9/10/2016,10/9/2016,9/27/2016 14:21,,40,school,male
17,17,xqd20160018,PAIDOFF,1000,15,9/10/2016,9/24/2016,9/23/2016 18:49,,32,school,male
18,18,xqd20160019,PAIDOFF,1000,30,9/10/2016,10/9/2016,10/5/2016 22:05,,32,school,male
19,19,xqd20160020,PAIDOFF,800,30,9/10/2016,10/9/2016,9/23/2016 7:42,,26,college,male
20,20,xqd20160021,PAIDOFF,1000,30,9/10/2016,10/9/2016,10/9/2016 9:00,,26,college,male
21,21,xqd20160022,PAIDOFF,1000,30,9/10/2016,10/9/2016,10/8/2016 17:09,,43,school,female
22,22,xqd20160023,PAIDOFF,1000,30,9/10/2016,10/9/2016,10/9/2016 23:00,,25,school,male
23,23,xqd20160024,PAIDOFF,1000,15,9/10/2016,9/24/2016,9/24/2016 13:00,,26,college,male
24,24,xqd20160025,PAIDOFF,1000,30,9/10/2016,10/9/2016,10/3/2016 12:50,,26,college,male
25,25,xqd20160026,PAIDOFF,1000,30,9/10/2016,10/9/2016,9/29/2016 12:18,,29,school,male
26,26,xqd20160027,PAIDOFF,800,15,9/10/2016,9/24/2016,9/21/2016 20:16,,39,bachelor,male
27,27,xqd20170088,PAIDOFF,1000,15,9/10/2016,9/24/2016,9/23/2016 8:21,,34,bachelor,male
28,28,xqd20160029,PAIDOFF,1000,30,9/11/2016,10/10/2016,9/22/2016 19:17,,31,college,male
29,29,xqd20160030,PAIDOFF,1000,30,9/11/2016,10/10/2016,10/9/2016 17:33,,33,college,male
30,30,xqd88160031,PAIDOFF,800,15,9/11/2016,9/25/2016,9/24/2016 14:41,,33,school,male
31,31,xqd20160032,PAIDOFF,1000,30,9/11/2016,10/10/2016,10/7/2016 21:48,,37,college,male
32,32,xqd20160033,PAIDOFF,1000,30,9/11/2016,10/10/2016,10/9/2016 17:44,,27,college,male
33,33,xqd22169034,PAIDOFF,1000,30,9/11/2016,10/10/2016,10/9/2016 7:24,,37,college,male
34,34,xqd20160035,PAIDOFF,800,15,9/11/2016,9/25/2016,9/25/2016 21:49,,33,college,male
35,35,xqd20160036,PAIDOFF,800,15,9/11/2016,9/25/2016,9/25/2016 9:00,,29,bachelor,male
36,36,xqd20160037,PAIDOFF,1000,30,9/11/2016,10/10/2016,10/10/2016 16:00,,27,school,male
37,37,xqd20160038,PAIDOFF,700,15,9/11/2016,9/25/2016,9/25/2016 13:00,,33,school,male
38,38,xqd20160039,PAIDOFF,1000,15,9/11/2016,9/25/2016,9/25/2016 9:00,,24,college,male
39,39,xqd20160040,PAIDOFF,1000,30,9/11/2016,10/10/2016,10/10/2016 11:33,,21,bachelor,male
40,40,xqd20160041,PAIDOFF,1000,15,9/11/2016,9/25/2016,9/25/2016 9:00,,32,college,female
41,41,xqd20160042,PAIDOFF,800,15,9/11/2016,9/25/2016,9/25/2016 14:36,,30,college,male
42,42,xqd20160043,PAIDOFF,1000,7,9/11/2016,9/24/2016,9/24/2016 9:00,,31,bachelor,male
43,43,xqd20160044,PAIDOFF,1000,15,9/11/2016,9/25/2016,9/20/2016 15:00,,30,college,male
44,44,xqd20160045,PAIDOFF,1000,15,9/11/2016,9/25/2016,9/21/2016 22:29,,24,bachelor,female
45,45,xqd20160046,PAIDOFF,800,7,9/11/2016,9/17/2016,9/12/2016 22:17,,35,school,male
46,46,xqd20160047,PAIDOFF,1000,30,9/11/2016,10/10/2016,10/8/2016 14:14,,22,school,male
47,47,xqd20160048,PAIDOFF,1000,30,9/11/2016,10/10/2016,10/9/2016 8:53,,32,college,male
48,48,xqd20160049,PAIDOFF,1000,30,9/11/2016,10/10/2016,10/10/2016 9:00,,32,bachelor,male
49,49,xqd20160050,PAIDOFF,800,15,9/11/2016,9/25/2016,9/25/2016 19:21,,50,school,male
50,50,xqd20160051,PAIDOFF,800,15,9/11/2016,9/25/2016,9/25/2016 13:00,,27,college,female
51,51,xqd20160052,PAIDOFF,1000,30,9/11/2016,10/10/2016,10/10/2016 9:00,,35,bachelor,female
52,52,xqd20160053,PAIDOFF,800,15,9/11/2016,9/25/2016,9/13/2016 4:34,,35,bachelor,female
53,53,xqd20160054,PAIDOFF,1000,30,9/11/2016,10/10/2016,10/10/2016 9:00,,34,school,male
54,54,xqd20160055,PAIDOFF,1000,30,9/11/2016,10/10/2016,10/10/2016 16:00,,21,school,male
55,55,xqd20160056,PAIDOFF,1000,15,9/11/2016,9/25/2016,9/25/2016 16:00,,25,college,male
56,56,xqd20160057,PAIDOFF,1000,30,9/11/2016,10/10/2016,10/10/2016 9:00,,27,school,male
57,57,xqd20160058,PAIDOFF,1000,30,9/11/2016,10/10/2016,10/7/2016 2:33,,26,bachelor,male
58,58,xqd20160059,PAIDOFF,800,15,9/11/2016,9/25/2016,9/24/2016 11:40,,44,school,female
59,59,xqd20160060,PAIDOFF,800,15,9/11/2016,9/25/2016,9/22/2016 6:38,,39,master,male
60,60,xqd20160061,PAIDOFF,1000,30,9/11/2016,10/10/2016,9/30/2016 21:12,,34,bachelor,male
61,61,xqd20160062,PAIDOFF,1000,15,9/11/2016,9/25/2016,9/24/2016 13:42,,37,college,male
62,62,xqd20160063,PAIDOFF,1000,30,9/11/2016,10/10/2016,10/8/2016 7:25,,34,school,male
63,63,xqd20160064,PAIDOFF,1000,30,9/11/2016,10/10/2016,9/12/2016 11:40,,45,college,male
64,64,xqd20160065,PAIDOFF,800,15,9/11/2016,9/25/2016,9/25/2016 14:38,,24,school,male
65,65,xqd20160066,PAIDOFF,900,15,9/11/2016,9/25/2016,9/25/2016 23:00,,28,college,male
66,66,xqd20160067,PAIDOFF,1000,30,9/11/2016,10/10/2016,10/8/2016 12:04,,28,bachelor,male
67,67,xqd20160068,PAIDOFF,1000,30,9/11/2016,10/10/2016,10/10/2016 9:00,,37,school,male
68,68,xqd20160069,PAIDOFF,300,7,9/11/2016,9/17/2016,9/14/2016 22:05,,35,college,male
69,69,xqd20160070,PAIDOFF,1000,30,9/11/2016,10/10/2016,9/24/2016 13:27,,43,bachelor,male
70,70,xqd20160071,PAIDOFF,800,15,9/11/2016,9/25/2016,9/22/2016 21:18,,29,college,male
71,71,xqd20160072,PAIDOFF,800,15,9/11/2016,9/25/2016,9/24/2016 22:53,,29,school,male
72,72,xqd20160073,PAIDOFF,1000,30,9/11/2016,10/10/2016,10/10/2016 16:00,,33,bachelor,female
73,73,xqd20160074,PAIDOFF,1000,15,9/11/2016,9/25/2016,9/25/2016 9:00,,34,college,male
74,74,xqd20160075,PAIDOFF,1000,15,9/11/2016,9/25/2016,9/25/2016 9:00,,25,college,male
75,75,xqd20160076,PAIDOFF,1000,30,9/11/2016,10/10/2016,10/8/2016 13:12,,30,school,male
76,76,xqd20160077,PAIDOFF,1000,30,9/11/2016,10/10/2016,10/9/2016 13:49,,31,bachelor,male
77,77,xqd20160078,PAIDOFF,1000,30,9/11/2016,10/10/2016,10/10/2016 9:00,,35,college,male
78,78,xqd20160079,PAIDOFF,1000,30,9/11/2016,10/10/2016,9/30/2016 14:29,,37,college,female
79,79,xqd20160080,PAIDOFF,1000,30,9/11/2016,10/10/2016,10/10/2016 9:00,,44,school,female
80,80,xqd20160081,PAIDOFF,1000,30,9/11/2016,10/10/2016,9/21/2016 16:18,,28,school,male
81,81,xqd20160082,PAIDOFF,1000,7,9/11/2016,9/17/2016,9/13/2016 14:53,,25,college,male
82,82,xqd20160083,PAIDOFF,1000,15,9/11/2016,9/25/2016,9/25/2016 9:00,,29,college,male
83,83,xqd20160084,PAIDOFF,800,15,9/11/2016,9/25/2016,9/25/2016 13:00,,33,college,male
84,84,xqd20160085,PAIDOFF,1000,30,9/11/2016,10/10/2016,10/10/2016 13:00,,37,school,female
85,85,xqd20160086,PAIDOFF,1000,30,9/11/2016,11/9/2016,11/9/2016 9:00,,33,college,male
86,86,xqd20160087,PAIDOFF,1000,30,9/11/2016,10/10/2016,10/10/2016 9:00,,24,school,female
87,87,xqd20160088,PAIDOFF,1000,30,9/11/2016,10/10/2016,9/17/2016 13:01,,27,college,female
88,88,xqd20160089,PAIDOFF,800,15,9/11/2016,9/25/2016,9/21/2016 9:35,,43,bachelor,male
89,89,xqd90160090,PAIDOFF,800,15,9/11/2016,9/25/2016,9/24/2016 20:33,,46,school,female
90,90,xqd91160291,PAIDOFF,800,15,9/11/2016,9/25/2016,9/25/2016 9:00,,34,college,female
91,91,xqd90160092,PAIDOFF,1000,7,9/11/2016,9/17/2016,9/17/2016 9:00,,32,bachelor,female
92,92,xqd90163093,PAIDOFF,800,15,9/11/2016,9/25/2016,9/24/2016 0:12,,38,school,male
93,93,xqd20160094,PAIDOFF,800,15,9/11/2016,9/25/2016,9/21/2016 12:43,,27,school,male
94,94,xqd20167095,PAIDOFF,1000,30,9/11/2016,10/10/2016,10/10/2016 13:00,,33,school,male
95,95,xqd20160096,PAIDOFF,1000,30,9/11/2016,10/10/2016,10/8/2016 20:49,,36,college,male
96,96,xqd20160097,PAIDOFF,1000,15,9/11/2016,9/25/2016,9/20/2016 5:38,,26,school,male
97,97,xqd20160098,PAIDOFF,1000,30,9/11/2016,10/10/2016,10/10/2016 9:01,,34,college,male
98,98,xqd20160099,PAIDOFF,1000,30,9/11/2016,10/10/2016,10/10/2016 9:01,,22,school,male
99,99,xqd20160100,PAIDOFF,1000,30,9/11/2016,10/10/2016,10/8/2016 16:55,,31,bachelor,female
100,100,xqd20160101,PAIDOFF,1000,7,9/11/2016,9/17/2016,9/17/2016 9:00,,29,school,male
101,101,xqd20160102,PAIDOFF,800,15,9/11/2016,9/25/2016,9/25/2016 9:00,,38,college,male
102,102,xqd20160103,PAIDOFF,1000,30,9/11/2016,10/10/2016,10/10/2016 16:00,,30,college,male
103,103,xqd20160104,PAIDOFF,1000,15,9/11/2016,9/25/2016,9/25/2016 23:48,,45,school,male
104,104,xqd20160105,PAIDOFF,1000,15,9/11/2016,9/25/2016,9/22/2016 13:15,,35,college,male
105,105,xqd20160106,PAIDOFF,1000,30,9/11/2016,10/10/2016,9/23/2016 13:31,,30,college,male
106,106,xqd20160107,PAIDOFF,1000,30,9/11/2016,10/10/2016,10/8/2016 17:19,,31,school,male
107,107,xqd20160108,PAIDOFF,1000,30,9/11/2016,10/10/2016,10/10/2016 9:01,,31,school,male
108,108,xqd20160109,PAIDOFF,1000,30,9/11/2016,10/10/2016,10/9/2016 13:05,,28,college,male
109,109,xqd20160110,PAIDOFF,1000,7,9/11/2016,9/24/2016,9/24/2016 13:00,,29,college,male
110,110,xqd20160111,PAIDOFF,800,15,9/11/2016,9/25/2016,9/20/2016 20:47,,29,college,male
111,111,xqd20160112,PAIDOFF,1000,30,9/11/2016,11/9/2016,11/9/2016 9:00,,27,college,female
112,112,xqd20160113,PAIDOFF,1000,30,9/11/2016,10/10/2016,10/10/2016 9:01,,27,college,male
113,113,xqd20160114,PAIDOFF,1000,30,9/11/2016,10/10/2016,10/10/2016 13:01,,33,college,male
114,114,xqd20160115,PAIDOFF,1000,30,9/11/2016,10/10/2016,10/8/2016 21:39,,28,college,male
115,115,xqd20160116,PAIDOFF,1000,15,9/11/2016,9/25/2016,9/25/2016 23:00,,25,school,male
116,116,xqd20160117,PAIDOFF,1000,30,9/11/2016,10/10/2016,10/7/2016 14:23,,40,college,male
117,117,xqd20160118,PAIDOFF,1000,30,9/11/2016,10/10/2016,10/6/2016 15:25,,23,school,male
118,118,xqd20160119,PAIDOFF,1000,30,9/11/2016,10/10/2016,10/8/2016 6:56,,35,bachelor,male
119,119,xqd20160120,PAIDOFF,800,15,9/11/2016,9/25/2016,9/16/2016 11:58,,24,college,male
120,120,xqd20160121,PAIDOFF,1000,30,9/11/2016,10/10/2016,10/10/2016 16:01,,34,college,male
121,121,xqd20160122,PAIDOFF,1000,30,9/11/2016,10/10/2016,9/27/2016 7:02,,22,school,male
122,122,xqd20160123,PAIDOFF,1000,15,9/11/2016,10/25/2016,10/25/2016 9:00,,20,college,male
123,123,xqd20160124,PAIDOFF,1000,15,9/11/2016,9/25/2016,9/24/2016 11:02,,23,college,male
124,124,xqd20160125,PAIDOFF,1000,30,9/11/2016,10/10/2016,9/29/2016 18:57,,33,college,male
125,125,xqd20160126,PAIDOFF,1000,30,9/11/2016,10/10/2016,10/10/2016 13:01,,26,college,male
126,126,xqd20160127,PAIDOFF,1000,15,9/11/2016,9/25/2016,9/25/2016 9:00,,28,school,male
127,127,xqd20160128,PAIDOFF,800,15,9/11/2016,9/25/2016,9/25/2016 12:24,,43,school,male
128,128,xqd78160129,PAIDOFF,1000,15,9/11/2016,9/25/2016,9/25/2016 13:00,,34,bachelor,male
129,129,xqd20160130,PAIDOFF,1000,30,9/11/2016,10/10/2016,9/26/2016 4:41,,38,bachelor,male
130,130,xqd20160131,PAIDOFF,1000,15,9/11/2016,9/25/2016,9/22/2016 15:44,,26,school,male
131,131,xqd20160132,PAIDOFF,800,15,9/11/2016,9/25/2016,9/25/2016 16:00,,43,school,male
132,132,xqd20160133,PAIDOFF,1000,30,9/11/2016,10/10/2016,10/10/2016 16:13,,26,school,male
133,133,xqd20160134,PAIDOFF,1000,30,9/11/2016,10/10/2016,9/30/2016 7:12,,33,college,female
134,134,xqd20160135,PAIDOFF,800,15,9/11/2016,9/25/2016,9/23/2016 11:26,,24,college,male
135,135,xqd20160136,PAIDOFF,1000,30,9/11/2016,10/10/2016,9/12/2016 10:26,,30,school,male
136,136,xqd20160137,PAIDOFF,800,15,9/11/2016,9/25/2016,9/25/2016 13:00,,32,school,female
137,137,xqd20160138,PAIDOFF,1000,15,9/11/2016,10/25/2016,10/25/2016 9:00,,22,college,male
138,138,xqd20160139,PAIDOFF,1000,15,9/11/2016,9/25/2016,9/22/2016 21:45,,47,school,male
139,139,xqd56160140,PAIDOFF,1000,30,9/11/2016,10/10/2016,10/9/2016 20:28,,20,school,male
140,140,xqd20160141,PAIDOFF,1000,30,9/11/2016,10/10/2016,10/1/2016 16:48,,28,school,male
141,141,xqd20160142,PAIDOFF,800,15,9/11/2016,9/25/2016,9/25/2016 9:01,,35,college,male
142,142,xqd20160143,PAIDOFF,1000,7,9/11/2016,9/17/2016,9/15/2016 20:36,,27,school,male
143,143,xqd20160144,PAIDOFF,800,15,9/11/2016,9/25/2016,9/21/2016 15:33,,33,college,female
144,144,xqd20160145,PAIDOFF,1000,30,9/11/2016,10/10/2016,9/29/2016 13:36,,30,school,male
145,145,xqd20160146,PAIDOFF,1000,15,9/11/2016,9/25/2016,9/22/2016 20:51,,31,college,male
146,146,xqd20160147,PAIDOFF,1000,30,9/11/2016,11/9/2016,11/9/2016 23:00,,26,college,female
147,147,xqd20160148,PAIDOFF,300,7,9/12/2016,9/18/2016,9/18/2016 9:00,,37,master,male
148,148,xqd20160149,PAIDOFF,1000,15,9/12/2016,9/26/2016,9/26/2016 9:00,,26,bachelor,male
149,149,xqd20160150,PAIDOFF,800,15,9/12/2016,9/26/2016,9/24/2016 10:14,,35,bachelor,male
150,150,xqd20160151,PAIDOFF,1000,15,9/12/2016,10/26/2016,10/26/2016 9:00,,29,college,male
151,151,xqd34160152,PAIDOFF,800,15,9/12/2016,9/26/2016,9/23/2016 20:30,,23,college,male
152,152,xqd20160153,PAIDOFF,500,15,9/12/2016,9/26/2016,9/13/2016 20:17,,23,college,female
153,153,xqd20160154,PAIDOFF,1000,15,9/12/2016,9/26/2016,9/26/2016 9:00,,30,college,male
154,154,xqd20160155,PAIDOFF,1000,30,9/12/2016,10/11/2016,10/10/2016 7:01,,34,college,male
155,155,xqd20160156,PAIDOFF,1000,30,9/12/2016,10/11/2016,10/11/2016 13:00,,36,school,female
156,156,xqd20160157,PAIDOFF,1000,15,9/12/2016,9/26/2016,9/26/2016 9:00,,26,bachelor,male
157,157,xqd20160158,PAIDOFF,800,15,9/12/2016,9/26/2016,9/24/2016 14:55,,29,school,male
158,158,xqd12160159,PAIDOFF,1000,15,9/12/2016,9/26/2016,9/26/2016 9:00,,28,college,female
159,159,xqd20160160,PAIDOFF,1000,30,9/12/2016,10/11/2016,9/25/2016 20:56,,27,school,male
160,160,xqd20160161,PAIDOFF,1000,15,9/12/2016,9/26/2016,9/22/2016 10:49,,24,school,male
161,161,xqd20160162,PAIDOFF,800,15,9/12/2016,9/26/2016,9/25/2016 22:09,,31,bachelor,male
162,162,xqd20160163,PAIDOFF,1000,30,9/12/2016,10/11/2016,10/11/2016 9:00,,28,school,male
163,163,xqd28160164,PAIDOFF,1000,15,9/12/2016,9/26/2016,9/26/2016 9:00,,27,college,female
164,164,xqd20160165,PAIDOFF,1000,15,9/12/2016,9/26/2016,9/26/2016 19:33,,25,school,male
165,165,xqd20160166,PAIDOFF,1000,30,9/12/2016,11/10/2016,11/10/2016 16:00,,24,school,male
166,166,xqd20160167,PAIDOFF,1000,30,9/12/2016,10/11/2016,10/11/2016 16:00,,28,college,male
167,167,xqd20160168,PAIDOFF,800,30,9/12/2016,10/11/2016,10/11/2016 16:00,,28,college,male
168,168,xqd20160169,PAIDOFF,1000,15,9/12/2016,9/26/2016,9/26/2016 13:00,,35,school,male
169,169,xqd27160170,PAIDOFF,1000,30,9/12/2016,10/11/2016,10/11/2016 13:00,,38,college,male
170,170,xqd20160171,PAIDOFF,1000,15,9/12/2016,9/26/2016,9/26/2016 16:00,,38,school,male
171,171,xqd20160172,PAIDOFF,1000,30,9/12/2016,10/11/2016,10/11/2016 16:00,,29,college,male
172,172,xqd20160173,PAIDOFF,800,15,9/12/2016,9/26/2016,9/26/2016 13:00,,35,school,male
173,173,xqd20160174,PAIDOFF,1000,30,9/12/2016,10/11/2016,9/17/2016 7:39,,24,college,male
174,174,xqd20160175,PAIDOFF,800,15,9/12/2016,9/26/2016,9/22/2016 10:30,,39,school,male
175,175,xqd20160176,PAIDOFF,800,15,9/12/2016,9/26/2016,9/26/2016 13:00,,25,college,male
176,176,xqd20160177,PAIDOFF,1000,30,9/12/2016,10/11/2016,10/11/2016 16:00,,38,school,male
177,177,xqd20160178,PAIDOFF,1000,30,9/12/2016,10/11/2016,10/10/2016 20:41,,30,college,male
178,178,xqd20160179,PAIDOFF,1000,30,9/12/2016,10/11/2016,10/11/2016 9:00,,21,school,male
179,179,xqd20160180,PAIDOFF,1000,30,9/12/2016,10/11/2016,10/10/2016 8:04,,46,college,male
180,180,xqd20160181,PAIDOFF,1000,15,9/12/2016,9/26/2016,9/24/2016 11:00,,31,school,female
181,181,xqd20160182,PAIDOFF,300,7,9/12/2016,9/18/2016,9/17/2016 9:25,,29,school,male
182,182,xqd20160183,PAIDOFF,1000,30,9/12/2016,10/11/2016,10/7/2016 11:53,,35,school,male
183,183,xqd20160184,PAIDOFF,800,15,9/12/2016,9/26/2016,9/25/2016 8:39,,30,school,male
184,184,xqd20160185,PAIDOFF,1000,30,9/12/2016,10/11/2016,10/11/2016 9:00,,27,school,male
185,185,xqd20160186,PAIDOFF,1000,30,9/12/2016,10/11/2016,10/10/2016 20:28,,31,school,female
186,186,xqd20160187,PAIDOFF,1000,30,9/12/2016,10/11/2016,10/1/2016 10:18,,33,bachelor,male
187,187,xqd20160188,PAIDOFF,1000,15,9/12/2016,9/26/2016,9/26/2016 16:00,,34,school,male
188,188,xqd20160189,PAIDOFF,800,15,9/12/2016,9/26/2016,9/19/2016 21:07,,28,college,male
189,189,xqd20160190,PAIDOFF,800,15,9/12/2016,9/26/2016,9/26/2016 9:00,,42,college,male
190,190,xqd20160191,PAIDOFF,1000,30,9/12/2016,10/11/2016,9/30/2016 14:38,,32,college,male
191,191,xqd20160192,PAIDOFF,1000,30,9/12/2016,10/11/2016,10/11/2016 13:00,,30,school,male
192,192,xqd20160193,PAIDOFF,1000,15,9/12/2016,9/26/2016,9/14/2016 20:31,,25,school,female
193,193,xqd20160194,PAIDOFF,1000,30,9/12/2016,10/11/2016,10/11/2016 9:00,,27,school,female
194,194,xqd20160195,PAIDOFF,800,15,9/12/2016,9/26/2016,9/24/2016 16:15,,21,college,male
195,195,xqd20160196,PAIDOFF,1000,30,9/12/2016,10/11/2016,10/10/2016 15:49,,24,college,male
196,196,xqd20160197,PAIDOFF,1000,30,9/12/2016,11/10/2016,11/10/2016 13:00,,29,college,male
197,197,xqd20160198,PAIDOFF,1000,15,9/12/2016,9/26/2016,9/23/2016 10:32,,40,college,male
198,198,xqd20160199,PAIDOFF,1000,30,9/12/2016,10/11/2016,9/30/2016 14:03,,29,school,male
199,199,xqd20160200,PAIDOFF,1000,30,9/12/2016,10/11/2016,10/9/2016 14:17,,29,college,male
200,200,xqd20160201,PAIDOFF,1000,15,9/12/2016,9/26/2016,9/20/2016 8:26,,30,college,male
201,201,xqd20160202,PAIDOFF,1000,30,9/12/2016,10/11/2016,10/11/2016 23:00,,26,school,female
202,202,xqd20160203,PAIDOFF,1000,15,9/12/2016,9/26/2016,9/24/2016 20:47,,36,school,male
203,203,xqd20160204,PAIDOFF,800,15,9/12/2016,9/26/2016,9/26/2016 16:00,,27,college,male
204,204,xqd20160205,PAIDOFF,1000,30,9/12/2016,10/11/2016,10/11/2016 9:01,,20,college,male
205,205,xqd20160206,PAIDOFF,1000,7,9/12/2016,9/18/2016,9/16/2016 14:52,,26,bachelor,female
206,206,xqd20160207,PAIDOFF,1000,30,9/12/2016,11/10/2016,11/10/2016 13:00,,26,college,male
207,207,xqd20160208,PAIDOFF,1000,30,9/12/2016,10/11/2016,10/9/2016 10:00,,27,college,male
208,208,xqd20160209,PAIDOFF,300,7,9/12/2016,9/18/2016,9/12/2016 14:40,,23,school,male
209,209,xqd20160210,PAIDOFF,1000,30,9/12/2016,10/11/2016,10/11/2016 16:00,,39,school,male
210,210,xqd20160211,PAIDOFF,1000,15,9/12/2016,9/26/2016,9/23/2016 21:58,,27,school,male
211,211,xqd20160212,PAIDOFF,1000,30,9/12/2016,10/11/2016,10/8/2016 18:48,,30,school,male
212,212,xqd20160213,PAIDOFF,1000,30,9/12/2016,10/11/2016,10/10/2016 16:41,,33,school,female
213,213,xqd20160214,PAIDOFF,1000,30,9/12/2016,10/11/2016,10/11/2016 13:01,,27,school,male
214,214,xqd20160215,PAIDOFF,1000,30,9/12/2016,10/11/2016,9/16/2016 2:34,,35,school,male
215,215,xqd20160216,PAIDOFF,1000,30,9/12/2016,11/10/2016,11/10/2016 16:00,,29,college,female
216,216,xqd20160217,PAIDOFF,1000,15,9/12/2016,9/26/2016,9/21/2016 8:11,,50,school,male
217,217,xqd20160218,PAIDOFF,800,15,9/12/2016,9/26/2016,9/26/2016 9:00,,31,school,female
218,218,xqd20160219,PAIDOFF,1000,15,9/12/2016,9/26/2016,9/26/2016 13:00,,31,school,male
219,219,xqd20160220,PAIDOFF,1000,30,9/12/2016,10/11/2016,10/11/2016 13:01,,29,school,male
220,220,xqd20160221,PAIDOFF,1000,15,9/12/2016,9/26/2016,9/26/2016 23:00,,35,college,male
221,221,xqd20160222,PAIDOFF,1000,30,9/12/2016,10/11/2016,10/11/2016 9:01,,39,college,male
222,222,xqd20160223,PAIDOFF,1000,30,9/12/2016,11/10/2016,11/10/2016 13:00,,29,college,male
223,223,xqd20160224,PAIDOFF,1000,15,9/12/2016,9/26/2016,9/26/2016 23:00,,30,school,male
224,224,xqd20160225,PAIDOFF,1000,30,9/12/2016,10/11/2016,10/9/2016 10:00,,33,bachelor,male
225,225,xqd20160226,PAIDOFF,1000,30,9/12/2016,10/11/2016,10/11/2016 13:01,,26,school,male
226,226,xqd20160227,PAIDOFF,1000,15,9/12/2016,9/26/2016,9/23/2016 14:01,,25,school,male
227,227,xqd20160228,PAIDOFF,800,15,9/12/2016,9/26/2016,9/25/2016 13:29,,37,bachelor,male
228,228,xqd20160229,PAIDOFF,800,15,9/12/2016,9/26/2016,9/25/2016 14:50,,26,school,male
229,229,xqd20160230,PAIDOFF,800,15,9/12/2016,9/26/2016,9/26/2016 9:00,,26,college,male
230,230,xqd20160231,PAIDOFF,1000,15,9/12/2016,10/26/2016,10/26/2016 9:00,,27,college,male
231,231,xqd20160232,PAIDOFF,1000,7,9/12/2016,9/25/2016,9/25/2016 9:01,,34,college,female
232,232,xqd20160233,PAIDOFF,1000,30,9/12/2016,10/11/2016,10/8/2016 15:35,,37,college,male
233,233,xqd20160234,PAIDOFF,1000,30,9/12/2016,10/11/2016,10/11/2016 16:01,,36,school,male
234,234,xqd20160235,PAIDOFF,800,15,9/12/2016,9/26/2016,9/26/2016 19:35,,33,school,male
235,235,xqd20160236,PAIDOFF,1000,30,9/12/2016,10/11/2016,10/9/2016 21:28,,30,school,male
236,236,xqd20160237,PAIDOFF,1000,30,9/12/2016,10/11/2016,10/7/2016 16:45,,30,college,male
237,237,xqd20160238,PAIDOFF,800,15,9/12/2016,9/26/2016,9/24/2016 12:13,,36,school,male
238,238,xqd20160239,PAIDOFF,1000,15,9/12/2016,10/11/2016,10/11/2016 9:01,,29,college,male
239,239,xqd20160240,PAIDOFF,1000,15,9/12/2016,9/26/2016,9/14/2016 23:02,,36,school,male
240,240,xqd20160241,PAIDOFF,1000,30,9/12/2016,10/11/2016,10/8/2016 11:03,,32,school,male
241,241,xqd20160242,PAIDOFF,1000,15,9/12/2016,9/26/2016,9/26/2016 9:00,,29,school,female
242,242,xqd20160243,PAIDOFF,800,15,9/12/2016,9/26/2016,9/26/2016 23:00,,36,bachelor,male
243,243,xqd20160244,PAIDOFF,800,15,9/12/2016,9/26/2016,9/25/2016 19:31,,30,school,female
244,244,xqd20160245,PAIDOFF,1000,7,9/13/2016,9/19/2016,9/14/2016 19:48,,31,college,male
245,245,xqd20160246,PAIDOFF,1000,30,9/13/2016,10/12/2016,10/12/2016 23:00,,19,school,female
246,246,xqd20160247,PAIDOFF,800,15,9/13/2016,9/27/2016,9/25/2016 12:48,,26,college,male
247,247,xqd20160248,PAIDOFF,800,15,9/13/2016,9/27/2016,9/26/2016 21:18,,34,school,male
248,248,xqd20160249,PAIDOFF,1000,30,9/13/2016,10/12/2016,10/7/2016 10:22,,35,school,male
249,249,xqd20160250,PAIDOFF,1000,15,9/13/2016,9/27/2016,9/26/2016 6:17,,35,bachelor,female
250,250,xqd20160251,PAIDOFF,800,15,9/13/2016,9/27/2016,9/22/2016 16:57,,38,college,male
251,251,xqd20160252,PAIDOFF,1000,30,9/13/2016,10/12/2016,10/9/2016 21:57,,29,college,male
252,252,xqd20160253,PAIDOFF,1000,30,9/13/2016,10/12/2016,10/4/2016 12:59,,28,school,male
253,253,xqd20160254,PAIDOFF,500,7,9/13/2016,9/19/2016,9/17/2016 20:51,,22,school,male
254,254,xqd20160255,PAIDOFF,1000,30,9/13/2016,10/12/2016,10/12/2016 23:00,,32,college,male
255,255,xqd20160256,PAIDOFF,1000,30,9/13/2016,10/12/2016,10/8/2016 15:51,,31,college,male
256,256,xqd20160257,PAIDOFF,800,15,9/13/2016,9/27/2016,9/27/2016 9:00,,28,college,male
257,257,xqd20160258,PAIDOFF,1000,15,9/13/2016,9/27/2016,9/27/2016 9:00,,37,college,female
258,258,xqd20160259,PAIDOFF,1000,7,9/13/2016,9/19/2016,9/16/2016 15:57,,25,college,male
259,259,xqd20160260,PAIDOFF,1000,30,9/13/2016,10/12/2016,10/12/2016 9:00,,19,school,male
260,260,xqd20160261,PAIDOFF,800,15,9/13/2016,9/27/2016,9/26/2016 7:48,,51,college,male
261,261,xqd20160262,PAIDOFF,1000,15,9/13/2016,9/27/2016,9/21/2016 16:53,,29,school,male
262,262,xqd20160263,PAIDOFF,800,30,9/13/2016,10/12/2016,10/11/2016 0:29,,23,college,female
263,263,xqd20160264,PAIDOFF,1000,15,9/13/2016,9/27/2016,9/25/2016 10:37,,30,school,male
264,264,xqd20160265,PAIDOFF,800,15,9/13/2016,9/27/2016,9/27/2016 13:00,,23,college,male
265,265,xqd20160266,PAIDOFF,1000,15,9/13/2016,9/27/2016,9/26/2016 15:10,,34,bachelor,female
266,266,xqd20160267,PAIDOFF,800,15,9/13/2016,9/27/2016,9/24/2016 12:46,,31,bachelor,female
267,267,xqd20160268,PAIDOFF,1000,15,9/14/2016,9/28/2016,9/28/2016 9:00,,24,school,male
268,268,xqd20160269,PAIDOFF,1000,30,9/14/2016,10/13/2016,10/13/2016 9:00,,42,school,male
269,269,xqd20160270,PAIDOFF,800,30,9/14/2016,10/13/2016,10/6/2016 12:09,,40,college,female
270,270,xqd20160271,PAIDOFF,1000,30,9/14/2016,10/13/2016,10/14/2016 11:03,,29,school,male
271,271,xqd20160272,PAIDOFF,1000,30,9/14/2016,10/13/2016,10/8/2016 17:12,,32,college,female
272,272,xqd20160273,PAIDOFF,1000,30,9/14/2016,11/12/2016,11/12/2016 9:00,,28,college,male
273,273,xqd20160274,PAIDOFF,1000,30,9/14/2016,10/13/2016,10/13/2016 9:00,,35,school,male
274,274,xqd20160275,PAIDOFF,1000,30,9/14/2016,10/13/2016,10/13/2016 13:00,,30,bachelor,male
275,275,xqd20160276,PAIDOFF,800,15,9/14/2016,9/28/2016,9/27/2016 15:52,,44,college,male
276,276,xqd20160277,PAIDOFF,800,15,9/14/2016,9/28/2016,9/28/2016 13:00,,37,school,male
277,277,xqd20160278,PAIDOFF,1000,30,9/14/2016,10/13/2016,10/13/2016 9:00,,31,college,male
278,278,xqd20160279,PAIDOFF,800,15,9/14/2016,9/28/2016,9/15/2016 0:43,,36,college,male
279,279,xqd20160280,PAIDOFF,800,30,9/14/2016,10/13/2016,10/10/2016 10:25,,31,college,male
280,280,xqd20160281,PAIDOFF,800,15,9/14/2016,9/28/2016,9/27/2016 20:41,,42,school,male
281,281,xqd20160282,PAIDOFF,1000,15,9/14/2016,9/28/2016,9/28/2016 9:00,,28,bachelor,male
282,282,xqd20160283,PAIDOFF,1000,30,9/14/2016,10/13/2016,10/6/2016 6:51,,30,college,male
283,283,xqd20160284,PAIDOFF,1000,30,9/14/2016,10/13/2016,10/12/2016 6:25,,30,school,male
284,284,xqd20160285,PAIDOFF,1000,15,9/14/2016,9/28/2016,9/27/2016 22:50,,24,bachelor,male
285,285,xqd20160286,PAIDOFF,1000,30,9/14/2016,11/12/2016,11/12/2016 9:00,,34,bachelor,male
286,286,xqd20160287,PAIDOFF,1000,30,9/14/2016,10/13/2016,10/12/2016 12:30,,29,college,male
287,287,xqd20160288,PAIDOFF,1000,30,9/14/2016,10/13/2016,10/12/2016 3:49,,38,school,female
288,288,xqd20160289,PAIDOFF,1000,30,9/14/2016,10/13/2016,10/13/2016 13:00,,34,bachelor,male
289,289,xqd20160290,PAIDOFF,800,15,9/14/2016,9/28/2016,9/27/2016 7:48,,28,school,male
290,290,xqd20160291,PAIDOFF,1000,15,9/14/2016,9/28/2016,9/22/2016 9:28,,30,college,female
291,291,xqd20160292,PAIDOFF,1000,30,9/14/2016,10/13/2016,10/11/2016 16:33,,41,school,male
292,292,xqd20160293,PAIDOFF,1000,30,9/14/2016,10/13/2016,9/18/2016 16:56,,29,college,male
293,293,xqd20160294,PAIDOFF,1000,30,9/14/2016,10/13/2016,10/13/2016 9:00,,37,school,male
294,294,xqd20160295,PAIDOFF,1000,30,9/14/2016,10/13/2016,10/13/2016 13:00,,36,bachelor,male
295,295,xqd20160296,PAIDOFF,1000,30,9/14/2016,10/13/2016,10/13/2016 13:00,,30,college,female
296,296,xqd20160297,PAIDOFF,800,15,9/14/2016,9/28/2016,9/21/2016 4:42,,27,college,male
297,297,xqd20160298,PAIDOFF,1000,30,9/14/2016,10/13/2016,10/13/2016 9:00,,29,school,male
298,298,xqd20160299,PAIDOFF,1000,30,9/14/2016,10/13/2016,10/13/2016 9:00,,40,school,male
299,299,xqd20160300,PAIDOFF,1000,30,9/14/2016,10/13/2016,10/13/2016 11:00,,28,college,male
300,300,xqd20160301,COLLECTION,1000,15,9/9/2016,9/23/2016,,76.0,29,college,male
301,301,xqd20160302,COLLECTION,1000,30,9/9/2016,10/8/2016,,61.0,37,school,male
302,302,xqd20160303,COLLECTION,1000,30,9/9/2016,10/8/2016,,61.0,33,school,male
303,303,xqd20160304,COLLECTION,800,15,9/9/2016,9/23/2016,,76.0,27,college,male
304,304,xqd20160305,COLLECTION,800,15,9/9/2016,9/23/2016,,76.0,24,bachelor,male
305,305,xqd20160306,COLLECTION,1000,15,9/10/2016,9/24/2016,,75.0,31,school,female
306,306,xqd20160307,COLLECTION,800,15,9/10/2016,10/9/2016,,60.0,28,college,male
307,307,xqd20160308,COLLECTION,1000,30,9/10/2016,10/9/2016,,60.0,40,school,male
308,308,xqd20160309,COLLECTION,1000,30,9/10/2016,10/9/2016,,60.0,33,college,male
309,309,xqd20160310,COLLECTION,800,15,9/10/2016,9/24/2016,,75.0,41,college,male
310,310,xqd20160311,COLLECTION,1000,30,9/10/2016,10/9/2016,,60.0,30,college,male
311,311,xqd20160312,COLLECTION,800,15,9/10/2016,9/24/2016,,75.0,26,school,female
312,312,xqd20160313,COLLECTION,1000,30,9/10/2016,10/9/2016,,60.0,27,school,male
313,313,xqd20160314,COLLECTION,1000,30,9/10/2016,10/9/2016,,60.0,20,school,male
314,314,xqd20160315,COLLECTION,1000,30,9/10/2016,10/9/2016,,60.0,24,college,male
315,315,xqd20160316,COLLECTION,1000,15,9/10/2016,10/9/2016,,60.0,26,school,male
316,316,xqd20160317,COLLECTION,1000,30,9/10/2016,10/9/2016,,60.0,30,school,male
317,317,xqd20160318,COLLECTION,1000,15,9/10/2016,9/24/2016,,75.0,29,school,male
318,318,xqd20160319,COLLECTION,1000,30,9/10/2016,10/9/2016,,60.0,22,bachelor,male
319,319,xqd20160320,COLLECTION,1000,15,9/10/2016,9/24/2016,,75.0,24,bachelor,male
320,320,xqd20160321,COLLECTION,1000,30,9/10/2016,10/9/2016,,60.0,25,college,male
321,321,xqd20160322,COLLECTION,1000,30,9/10/2016,10/9/2016,,60.0,28,school,male
322,322,xqd20160323,COLLECTION,1000,30,9/10/2016,10/9/2016,,60.0,37,college,male
323,323,xqd20160324,COLLECTION,800,15,9/10/2016,9/24/2016,,75.0,32,college,male
324,324,xqd20160325,COLLECTION,1000,15,9/10/2016,9/24/2016,,75.0,34,college,male
325,325,xqd20160326,COLLECTION,1000,30,9/11/2016,10/10/2016,,59.0,28,bachelor,male
326,326,xqd20160327,COLLECTION,800,15,9/11/2016,9/25/2016,,74.0,35,bachelor,male
327,327,xqd20160328,COLLECTION,1000,30,9/11/2016,11/9/2016,,29.0,27,college,male
328,328,xqd20160329,COLLECTION,1000,30,9/11/2016,10/10/2016,,59.0,24,school,female
329,329,xqd20160330,COLLECTION,1000,30,9/11/2016,10/10/2016,,59.0,44,bachelor,male
330,330,xqd20160331,COLLECTION,1000,15,9/11/2016,10/25/2016,,44.0,31,college,male
331,331,xqd20160332,COLLECTION,800,15,9/11/2016,9/25/2016,,74.0,27,college,male
332,332,xqd20160333,COLLECTION,1000,30,9/11/2016,10/10/2016,,59.0,21,school,male
333,333,xqd20160334,COLLECTION,1000,30,9/11/2016,10/10/2016,,59.0,30,school,female
334,334,xqd20160335,COLLECTION,1000,30,9/11/2016,10/10/2016,,59.0,38,college,female
335,335,xqd20160336,COLLECTION,1000,30,9/11/2016,10/10/2016,,59.0,34,school,male
336,336,xqd20160337,COLLECTION,1000,30,9/11/2016,10/10/2016,,59.0,31,college,male
337,337,xqd20160338,COLLECTION,1000,30,9/11/2016,10/10/2016,,59.0,23,school,male
338,338,xqd20160339,COLLECTION,1000,15,9/11/2016,9/25/2016,,74.0,27,college,female
339,339,xqd20160340,COLLECTION,1000,15,9/11/2016,9/25/2016,,74.0,39,school,male
340,340,xqd20160341,COLLECTION,1000,30,9/11/2016,10/10/2016,,59.0,30,school,female
341,341,xqd20160342,COLLECTION,1000,30,9/11/2016,10/10/2016,,59.0,25,college,male
342,342,xqd20160343,COLLECTION,1000,15,9/11/2016,9/25/2016,,74.0,50,master,male
343,343,xqd20160344,COLLECTION,1000,30,9/11/2016,10/10/2016,,59.0,23,school,male
344,344,xqd20160345,COLLECTION,800,15,9/11/2016,9/25/2016,,74.0,38,bachelor,male
345,345,xqd20160346,COLLECTION,1000,30,9/11/2016,10/10/2016,,59.0,27,school,male
346,346,xqd20160347,COLLECTION,1000,30,9/11/2016,11/9/2016,,29.0,31,school,male
347,347,xqd20160348,COLLECTION,800,15,9/11/2016,9/25/2016,,74.0,40,college,male
348,348,xqd20160349,COLLECTION,1000,30,9/11/2016,10/10/2016,,59.0,32,school,male
349,349,xqd20160350,COLLECTION,800,15,9/11/2016,9/25/2016,,74.0,29,college,male
350,350,xqd20160351,COLLECTION,1000,30,9/11/2016,10/10/2016,,59.0,26,school,male
351,351,xqd20160352,COLLECTION,1000,15,9/11/2016,9/25/2016,,74.0,25,college,male
352,352,xqd20160353,COLLECTION,1000,30,9/11/2016,10/10/2016,,59.0,35,school,male
353,353,xqd20160354,COLLECTION,1000,30,9/11/2016,10/10/2016,,59.0,41,school,male
354,354,xqd20160355,COLLECTION,1000,30,9/11/2016,10/10/2016,,59.0,37,school,male
355,355,xqd20160356,COLLECTION,1000,15,9/11/2016,10/10/2016,,59.0,34,college,male
356,356,xqd20160357,COLLECTION,1000,30,9/11/2016,10/10/2016,,59.0,45,school,male
357,357,xqd20160358,COLLECTION,1000,30,9/11/2016,10/10/2016,,59.0,26,bachelor,male
358,358,xqd20160359,COLLECTION,1000,30,9/11/2016,10/10/2016,,59.0,32,college,male
359,359,xqd20160360,COLLECTION,1000,30,9/11/2016,10/10/2016,,59.0,28,school,male
360,360,xqd20160361,COLLECTION,1000,30,9/11/2016,10/10/2016,,59.0,34,college,male
361,361,xqd20160362,COLLECTION,800,15,9/11/2016,9/25/2016,,74.0,29,school,male
362,362,xqd20160363,COLLECTION,1000,30,9/11/2016,10/10/2016,,59.0,26,school,male
363,363,xqd20160364,COLLECTION,1000,15,9/11/2016,9/25/2016,,74.0,26,college,male
364,364,xqd20160365,COLLECTION,800,15,9/11/2016,9/25/2016,,74.0,22,college,male
365,365,xqd20160366,COLLECTION,1000,30,9/11/2016,10/10/2016,,59.0,27,school,female
366,366,xqd20160367,COLLECTION,800,30,9/11/2016,10/10/2016,,59.0,33,school,male
367,367,xqd20160368,COLLECTION,800,15,9/11/2016,9/25/2016,,74.0,28,bachelor,male
368,368,xqd20160369,COLLECTION,1000,30,9/11/2016,10/10/2016,,59.0,24,college,male
369,369,xqd20160370,COLLECTION,1000,30,9/11/2016,10/10/2016,,59.0,37,school,male
370,370,xqd20160371,COLLECTION,800,15,9/11/2016,9/25/2016,,74.0,36,school,male
371,371,xqd20160372,COLLECTION,1000,30,9/11/2016,10/10/2016,,59.0,18,college,male
372,372,xqd20160373,COLLECTION,800,15,9/11/2016,9/25/2016,,74.0,25,school,male
373,373,xqd20160374,COLLECTION,1000,15,9/11/2016,9/25/2016,,74.0,40,school,male
374,374,xqd20182575,COLLECTION,1000,30,9/11/2016,10/10/2016,,59.0,29,college,male
375,375,xqd20160376,COLLECTION,800,15,9/11/2016,9/25/2016,,74.0,26,school,female
376,376,xqd20151038,COLLECTION,1000,15,9/11/2016,9/25/2016,,74.0,30,college,male
377,377,xqd20160378,COLLECTION,1000,30,9/11/2016,10/10/2016,,59.0,33,college,male
378,378,xqd20197340,COLLECTION,1000,30,9/11/2016,10/10/2016,,59.0,30,college,male
379,379,xqd20160380,COLLECTION,1000,30,9/11/2016,10/10/2016,,59.0,32,college,male
380,380,xqd20160381,COLLECTION,1000,30,9/11/2016,10/10/2016,,59.0,25,school,male
381,381,xqd20160382,COLLECTION,800,15,9/11/2016,9/25/2016,,74.0,35,school,male
382,382,xqd20175721,COLLECTION,1000,15,9/11/2016,9/25/2016,,74.0,30,bachelor,male
383,383,xqd20160384,COLLECTION,1000,30,9/11/2016,10/10/2016,,59.0,26,school,male
384,384,xqd20160385,COLLECTION,1000,30,9/11/2016,10/10/2016,,59.0,29,school,male
385,385,xqd20160386,COLLECTION,1000,30,9/11/2016,11/9/2016,,29.0,26,school,male
386,386,xqd20160387,COLLECTION,800,15,9/11/2016,9/25/2016,,74.0,46,school,male
387,387,xqd20160388,COLLECTION,1000,30,9/11/2016,10/10/2016,,59.0,36,school,male
388,388,xqd20160389,COLLECTION,1000,15,9/11/2016,9/25/2016,,74.0,38,bachelor,male
389,389,xqd20160390,COLLECTION,1000,15,9/11/2016,10/25/2016,,44.0,32,school,male
390,390,xqd20160391,COLLECTION,1000,15,9/11/2016,9/25/2016,,74.0,30,college,male
391,391,xqd20125284,COLLECTION,800,15,9/11/2016,9/25/2016,,74.0,35,school,male
392,392,xqd20160393,COLLECTION,1000,30,9/11/2016,10/10/2016,,59.0,29,college,female
393,393,xqd20160394,COLLECTION,1000,30,9/11/2016,11/9/2016,,29.0,26,college,male
394,394,xqd20160395,COLLECTION,800,15,9/11/2016,9/25/2016,,74.0,32,school,male
395,395,xqd20160396,COLLECTION,1000,30,9/11/2016,10/10/2016,,59.0,25,school,male
396,396,xqd20160397,COLLECTION,1000,30,9/12/2016,10/11/2016,,58.0,33,school,male
397,397,xqd20160398,COLLECTION,800,15,9/12/2016,9/26/2016,,73.0,39,college,male
398,398,xqd20160399,COLLECTION,1000,30,9/12/2016,11/10/2016,,28.0,28,college,male
399,399,xqd20160400,COLLECTION,1000,30,9/12/2016,10/11/2016,,58.0,26,college,male
400,400,xqd20160401,COLLECTION_PAIDOFF,1000,30,9/9/2016,10/8/2016,10/10/2016 11:45,2.0,26,college,male
401,401,xqd20160402,COLLECTION_PAIDOFF,1000,15,9/9/2016,9/23/2016,9/27/2016 17:00,4.0,28,college,male
402,402,xqd20320403,COLLECTION_PAIDOFF,1000,30,9/9/2016,11/7/2016,11/20/2016 14:10,13.0,39,college,male
403,403,xqd20160404,COLLECTION_PAIDOFF,1000,15,9/9/2016,9/23/2016,9/28/2016 15:38,5.0,29,bachelor,male
404,404,xqd20190405,COLLECTION_PAIDOFF,800,15,9/9/2016,9/23/2016,9/26/2016 17:22,3.0,33,school,male
405,405,xqd20160406,COLLECTION_PAIDOFF,1000,30,9/10/2016,10/9/2016,10/21/2016 14:00,12.0,27,college,male
406,406,xqd20160407,COLLECTION_PAIDOFF,800,15,9/10/2016,9/24/2016,9/26/2016 11:03,2.0,34,college,male
407,407,xqd20160408,COLLECTION_PAIDOFF,1000,30,9/10/2016,10/9/2016,11/5/2016 15:39,27.0,26,school,male
408,408,xqd20110409,COLLECTION_PAIDOFF,1000,30,9/10/2016,10/9/2016,11/22/2016 15:53,44.0,28,school,male
409,409,xqd20160410,COLLECTION_PAIDOFF,1000,15,9/10/2016,9/24/2016,9/29/2016 10:30,5.0,32,bachelor,male
410,410,xqd20160411,COLLECTION_PAIDOFF,800,15,9/10/2016,10/9/2016,10/10/2016 15:18,1.0,27,college,female
411,411,xqd20160412,COLLECTION_PAIDOFF,1000,30,9/10/2016,10/9/2016,11/5/2016 10:49,27.0,21,college,male
412,412,xqd20160413,COLLECTION_PAIDOFF,800,15,9/11/2016,9/25/2016,9/27/2016 17:10,2.0,39,college,male
413,413,xqd20169083,COLLECTION_PAIDOFF,1000,15,9/11/2016,9/25/2016,9/26/2016 11:35,1.0,38,college,male
414,414,xqd20160415,COLLECTION_PAIDOFF,1000,30,9/11/2016,10/10/2016,10/12/2016 9:59,2.0,36,school,female
415,415,xqd20160416,COLLECTION_PAIDOFF,800,15,9/11/2016,9/25/2016,9/27/2016 17:14,2.0,33,college,male
416,416,xqd20160417,COLLECTION_PAIDOFF,1000,30,9/11/2016,10/10/2016,10/11/2016 12:45,1.0,21,college,female
417,417,xqd20160418,COLLECTION_PAIDOFF,800,15,9/11/2016,9/25/2016,9/28/2016 11:38,3.0,25,school,male
418,418,xqd20160419,COLLECTION_PAIDOFF,800,15,9/11/2016,9/25/2016,10/7/2016 13:21,12.0,29,college,male
419,419,xqd20160420,COLLECTION_PAIDOFF,1000,30,9/11/2016,10/10/2016,11/4/2016 15:37,25.0,33,school,male
420,420,xqd20160421,COLLECTION_PAIDOFF,1000,15,9/11/2016,9/25/2016,9/28/2016 17:39,3.0,47,school,female
421,421,xqd20160422,COLLECTION_PAIDOFF,1000,30,9/11/2016,10/10/2016,10/12/2016 9:52,2.0,33,college,male
422,422,xqd20160423,COLLECTION_PAIDOFF,800,15,9/11/2016,9/25/2016,9/29/2016 15:12,4.0,23,school,male
423,423,xqd20160424,COLLECTION_PAIDOFF,1000,15,9/11/2016,10/10/2016,10/12/2016 11:17,2.0,24,college,male
424,424,xqd20880425,COLLECTION_PAIDOFF,1000,30,9/11/2016,11/9/2016,11/10/2016 22:58,1.0,27,school,male
425,425,xqd20160426,COLLECTION_PAIDOFF,1000,30,9/11/2016,10/10/2016,11/3/2016 15:23,24.0,32,bachelor,male
426,426,xqd20160427,COLLECTION_PAIDOFF,1000,30,9/11/2016,10/10/2016,10/11/2016 16:44,1.0,33,college,male
427,427,xqd20160428,COLLECTION_PAIDOFF,1000,30,9/11/2016,10/10/2016,10/11/2016 11:02,2.0,27,college,female
428,428,xqd20160429,COLLECTION_PAIDOFF,1000,30,9/11/2016,10/10/2016,10/12/2016 13:17,2.0,35,school,male
429,429,xqd20160430,COLLECTION_PAIDOFF,500,15,9/11/2016,10/10/2016,10/11/2016 17:22,1.0,37,bachelor,male
430,430,xqd20160431,COLLECTION_PAIDOFF,800,15,9/11/2016,9/25/2016,9/28/2016 14:02,3.0,28,bachelor,male
431,431,xqd20160432,COLLECTION_PAIDOFF,1000,15,9/11/2016,9/25/2016,9/29/2016 13:42,4.0,33,college,male
432,432,xqd20160433,COLLECTION_PAIDOFF,800,7,9/11/2016,9/17/2016,9/19/2016 15:00,2.0,34,bachelor,female
433,433,xqd20160434,COLLECTION_PAIDOFF,1000,30,9/11/2016,10/10/2016,10/12/2016 14:32,2.0,29,college,male
434,434,xqd20160435,COLLECTION_PAIDOFF,1000,30,9/11/2016,10/10/2016,10/11/2016 11:33,1.0,34,bachelor,male
435,435,xqd20160436,COLLECTION_PAIDOFF,1000,30,9/11/2016,10/10/2016,10/11/2016 16:27,1.0,29,bachelor,male
436,436,xqd20790437,COLLECTION_PAIDOFF,1000,30,9/11/2016,10/10/2016,11/15/2016 15:27,36.0,24,school,male
437,437,xqd20160438,COLLECTION_PAIDOFF,1000,30,9/11/2016,10/10/2016,10/11/2016 16:13,1.0,34,school,male
438,438,xqd20160439,COLLECTION_PAIDOFF,1000,30,9/11/2016,10/10/2016,10/17/2016 10:06,7.0,25,college,female
439,439,xqd20160440,COLLECTION_PAIDOFF,1000,30,9/11/2016,11/9/2016,11/14/2016 13:15,5.0,24,college,male
440,440,xqd20160441,COLLECTION_PAIDOFF,1000,30,9/11/2016,10/10/2016,10/24/2016 16:20,14.0,30,college,male
441,441,xqd20160442,COLLECTION_PAIDOFF,1000,15,9/11/2016,9/25/2016,9/27/2016 16:35,2.0,28,college,male
442,442,xqd20160443,COLLECTION_PAIDOFF,1000,30,9/11/2016,10/10/2016,10/11/2016 11:48,1.0,24,school,male
443,443,xqd20160444,COLLECTION_PAIDOFF,1000,30,9/11/2016,10/10/2016,11/7/2016 19:21,28.0,26,college,female
444,444,xqd20160445,COLLECTION_PAIDOFF,1000,30,9/11/2016,10/10/2016,10/12/2016 16:22,2.0,24,school,male
445,445,xqd20160446,COLLECTION_PAIDOFF,1000,15,9/11/2016,9/25/2016,9/27/2016 17:24,2.0,29,college,male
446,446,xqd20420447,COLLECTION_PAIDOFF,1000,30,9/11/2016,10/10/2016,11/4/2016 11:07,25.0,31,college,male
447,447,xqd20160448,COLLECTION_PAIDOFF,1000,30,9/11/2016,10/10/2016,11/2/2016 9:39,23.0,26,college,male
448,448,xqd20160449,COLLECTION_PAIDOFF,1000,30,9/11/2016,10/10/2016,10/13/2016 18:18,3.0,25,school,male
449,449,xqd20160450,COLLECTION_PAIDOFF,1000,30,9/11/2016,10/10/2016,10/11/2016 11:29,1.0,29,college,male
450,450,xqd20160451,COLLECTION_PAIDOFF,1000,30,9/11/2016,10/10/2016,10/13/2016 16:27,3.0,38,college,male
451,451,xqd20160452,COLLECTION_PAIDOFF,800,15,9/11/2016,9/25/2016,9/29/2016 11:19,4.0,41,college,male
452,452,xqd20390453,COLLECTION_PAIDOFF,1000,15,9/11/2016,9/25/2016,9/28/2016 11:17,3.0,26,school,male
453,453,xqd20160454,COLLECTION_PAIDOFF,1000,30,9/12/2016,10/11/2016,10/14/2016 11:04,3.0,26,school,male
454,454,xqd20160455,COLLECTION_PAIDOFF,1000,30,9/12/2016,10/11/2016,10/17/2016 17:40,6.0,35,school,male
455,455,xqd20160456,COLLECTION_PAIDOFF,1000,15,9/12/2016,9/26/2016,9/28/2016 9:42,2.0,37,college,male
456,456,xqd20160457,COLLECTION_PAIDOFF,1000,30,9/12/2016,10/11/2016,11/18/2016 15:52,38.0,25,college,male
457,457,xqd20160458,COLLECTION_PAIDOFF,1000,30,9/12/2016,10/11/2016,10/30/2016 14:19,19.0,24,college,male
458,458,xqd20160459,COLLECTION_PAIDOFF,1000,30,9/12/2016,10/11/2016,10/13/2016 15:10,2.0,34,college,male
459,459,xqd20160460,COLLECTION_PAIDOFF,800,15,9/12/2016,9/26/2016,9/28/2016 13:36,2.0,33,college,male
460,460,xqd20490461,COLLECTION_PAIDOFF,800,15,9/12/2016,9/26/2016,9/28/2016 15:34,2.0,38,bachelor,male
461,461,xqd20160462,COLLECTION_PAIDOFF,1000,30,9/12/2016,11/10/2016,11/17/2016 11:55,7.0,38,school,male
462,462,xqd20160463,COLLECTION_PAIDOFF,1000,30,9/12/2016,11/10/2016,11/15/2016 18:51,5.0,26,college,male
463,463,xqd20870464,COLLECTION_PAIDOFF,1000,15,9/12/2016,9/26/2016,9/30/2016 10:23,4.0,37,bachelor,male
464,464,xqd20160465,COLLECTION_PAIDOFF,1000,30,9/12/2016,11/10/2016,11/11/2016 17:17,1.0,42,school,female
465,465,xqd20169466,COLLECTION_PAIDOFF,1000,30,9/12/2016,10/11/2016,10/12/2016 12:54,1.0,49,school,female
466,466,xqd20160467,COLLECTION_PAIDOFF,1000,30,9/12/2016,10/11/2016,10/15/2016 9:48,4.0,26,school,male
467,467,xqd20160468,COLLECTION_PAIDOFF,1000,15,9/12/2016,10/26/2016,10/27/2016 11:14,1.0,41,school,male
468,468,xqd20160469,COLLECTION_PAIDOFF,1000,30,9/12/2016,10/11/2016,10/15/2016 14:14,4.0,38,school,male
469,469,xqd25660470,COLLECTION_PAIDOFF,1000,30,9/12/2016,10/11/2016,12/2/2016 9:45,52.0,26,school,male
470,470,xqd20160471,COLLECTION_PAIDOFF,1000,15,9/12/2016,9/26/2016,9/28/2016 15:02,2.0,32,school,male
471,471,xqd20160472,COLLECTION_PAIDOFF,1000,30,9/12/2016,10/11/2016,11/4/2016 14:46,24.0,27,bachelor,male
472,472,xqd20160473,COLLECTION_PAIDOFF,800,15,9/12/2016,9/26/2016,11/16/2016 12:12,51.0,33,college,male
473,473,xqd20160474,COLLECTION_PAIDOFF,1000,30,9/12/2016,10/11/2016,10/14/2016 19:02,3.0,30,school,male
474,474,xqd20160475,COLLECTION_PAIDOFF,800,15,9/12/2016,9/26/2016,9/28/2016 11:34,2.0,26,school,female
475,475,xqd20160476,COLLECTION_PAIDOFF,1000,30,9/12/2016,10/11/2016,11/9/2016 18:12,29.0,35,college,female
476,476,xqd20160477,COLLECTION_PAIDOFF,800,15,9/12/2016,10/26/2016,10/31/2016 13:07,5.0,46,college,female
477,477,xqd20160478,COLLECTION_PAIDOFF,1000,30,9/12/2016,10/11/2016,10/20/2016 17:38,9.0,27,college,male
478,478,xqd20160479,COLLECTION_PAIDOFF,1000,15,9/12/2016,10/11/2016,11/7/2016 8:55,27.0,22,school,male
479,479,xqd20160480,COLLECTION_PAIDOFF,1000,30,9/12/2016,10/11/2016,10/12/2016 18:26,1.0,27,bachelor,male
480,480,xqd20160481,COLLECTION_PAIDOFF,1000,15,9/12/2016,9/26/2016,10/25/2016 13:44,29.0,30,bachelor,male
481,481,xqd20160482,COLLECTION_PAIDOFF,1000,15,9/12/2016,9/26/2016,9/29/2016 15:07,3.0,27,school,male
482,482,xqd20160483,COLLECTION_PAIDOFF,800,15,9/12/2016,9/26/2016,9/27/2016 11:40,1.0,47,college,male
483,483,xqd20160484,COLLECTION_PAIDOFF,1000,30,9/12/2016,10/11/2016,10/18/2016 19:08,7.0,30,college,male
484,484,xqd20160485,COLLECTION_PAIDOFF,1000,30,9/12/2016,10/11/2016,10/15/2016 9:23,4.0,26,college,male
485,485,xqd20160486,COLLECTION_PAIDOFF,1000,30,9/12/2016,10/11/2016,10/14/2016 10:07,3.0,38,school,male
486,486,xqd20160487,COLLECTION_PAIDOFF,800,15,9/12/2016,9/26/2016,11/21/2016 11:36,56.0,46,school,male
487,487,xqd20160488,COLLECTION_PAIDOFF,1000,30,9/12/2016,10/11/2016,10/13/2016 12:02,2.0,35,bachelor,male
488,488,xqd20160489,COLLECTION_PAIDOFF,1000,15,9/12/2016,9/26/2016,10/9/2016 19:30,13.0,45,college,male
489,489,xqd20160490,COLLECTION_PAIDOFF,1000,30,9/12/2016,10/11/2016,10/12/2016 18:04,1.0,36,college,male
490,490,xqd20160491,COLLECTION_PAIDOFF,1000,30,9/12/2016,10/11/2016,10/17/2016 10:53,6.0,38,school,male
491,491,xqd20160492,COLLECTION_PAIDOFF,1000,30,9/12/2016,10/11/2016,11/9/2016 13:41,29.0,27,college,male
492,492,xqd20160493,COLLECTION_PAIDOFF,1000,30,9/12/2016,10/11/2016,10/25/2016 17:44,14.0,27,bachelor,male
493,493,xqd20160494,COLLECTION_PAIDOFF,1000,15,9/12/2016,9/26/2016,9/29/2016 12:45,3.0,29,college,male
494,494,xqd20160495,COLLECTION_PAIDOFF,1000,30,9/12/2016,10/11/2016,10/13/2016 14:45,2.0,30,school,male
495,495,xqd20160496,COLLECTION_PAIDOFF,1000,30,9/12/2016,10/11/2016,10/14/2016 19:08,3.0,28,school,male
496,496,xqd20160497,COLLECTION_PAIDOFF,1000,15,9/12/2016,9/26/2016,10/10/2016 20:02,14.0,26,school,male
497,497,xqd20160498,COLLECTION_PAIDOFF,800,15,9/12/2016,9/26/2016,9/29/2016 11:49,3.0,30,college,male
498,498,xqd20160499,COLLECTION_PAIDOFF,1000,30,9/12/2016,11/10/2016,11/11/2016 22:40,1.0,38,college,female
499,499,xqd20160500,COLLECTION_PAIDOFF,1000,30,9/12/2016,10/11/2016,10/19/2016 11:58,8.0,28,school,male
